{"cameraMode":{"drawMode":0,"name":"Shaded","section":"Shading Mode"},"sceneLighting":true,"audioPlay":false,"sceneViewState":{"showFog":true,"showMaterialUpdate":false,"showSkybox":false,"showFlares":true,"showImageEffects":true,"showParticleSystems":true,"showVisualEffectGraphs":true,"m_FxEnabled":true},"in2DMode":false,"pivot":{"x":26.806015014648439,"y":-14.934601783752442,"z":9.411701202392579},"rotation":{"x":0.049291159957647327,"y":0.9356980323791504,"z":-0.31785449385643008,"w":0.14817167818546296},"size":16.948589324951173,"orthographic":false}